t,real,imag
-30,-0.122743100453626824,0.582355412985601339
-29.9499999999999993,-0.112379982184260319,0.660566201496591399
-29.8999999999999986,-0.0957637428151325021,0.739180778128181282
-29.8499999999999979,-0.0728442264115263249,0.817540231451407307
-29.7999999999999972,-0.0436954983312052847,0.895000461080305287
-29.7499999999999964,-0.00850077308254032493,0.97097119093508899
-29.6999999999999957,0.032477005060763231,1.04494552309523514
-29.649999999999995,0.0789337514680565899,1.11651480477534681
-29.5999999999999943,0.130565044269259967,1.18536620153415151
-29.5499999999999936,0.187101659250766161,1.25126352489326775
-29.4999999999999929,0.248333204072384628,1.31401497961405545
-29.4499999999999922,0.3141153146226493,1.37343399872977034
-29.3999999999999915,0.384358856481477773,1.42930074873737079
-29.3499999999999908,0.459002908842714386,1.48133192952731041
-29.2999999999999901,0.537976390540996441,1.52916512627506451
-29.2499999999999893,0.621155445480191748,1.57236141395576112
-29.1999999999999886,0.708324704293695318,1.61042661213865368
-29.1499999999999879,0.799150067900556094,1.64284812704357597
-29.0999999999999872,0.893168768263123081,1.66914132988808905
-29.0499999999999865,0.98979946368021543,1.68889746341506597
-28.9999999999999858,1.0883715407455592,1.70182452500798043
-28.9499999999999851,1.18816926174699633,1.70777357941495311
-28.8999999999999844,1.28848355923505764,1.70674536319999648
-28.8499999999999837,1.38866267207016936,1.69887545501502646
-28.7999999999999829,1.48815276287439802,1.68440010800150786
-28.7499999999999822,1.58652120606355496,1.66360839216107337
-28.6999999999999815,1.68345815117920972,1.63678892683141997
-28.6499999999999808,1.77875575912473849,1.60418069756910109
-28.5999999999999801,1.87226852066165095,1.565936991351077
-28.5499999999999794,1.96386158331591254,1.52210938642619853
-28.4999999999999787,2.05335639176337947,1.47265532937569055
-28.449999999999978,2.14048373207641784,1.41746869415859544
-28.3999999999999773,2.22485327857629844,1.35642856300461001
-28.3499999999999766,2.30594610109895815,1.28945803449237095
-28.2999999999999758,2.38313272309719171,1.21658277795921599
-28.2499999999999751,2.45571487692799417,1.13797872053031113
-28.1999999999999744,2.52298484888280683,1.05399977934995559
-28.1499999999999737,2.58429299475510454,0.965179718701445255
-28.099999999999973,2.63911224127678024,0.872206508635616551
-28.0499999999999723,2.68708851752257782,0.775872268311955549
-27.9999999999999716,2.72806810905803498,0.677006185699072782
-27.9499999999999709,2.76209658876922504,0.576400959206257113
-27.8999999999999702,2.78938865850886764,0.474744733728397095
-27.8499999999999694,2.81027315304142489,0.37256991756418778
-27.7999999999999687,2.82512177380836071,0.270227722957390504
-27.749999999999968,2.83427308350014862,0.167893164387830085
-27.6999999999999673,2.83796436999987245,0.0656002434022815439
-27.6499999999999666,2.83628295969509026,-0.0366980201108400017
-27.5999999999999659,2.82914556072074674,-0.139054325041765514
-27.5499999999999652,2.81630971917108752,-0.241448954144010353
-27.4999999999999645,2.79741620996495621,-0.343721854511907843
-27.4499999999999638,2.77205603290607749,-0.445526579642333886
-27.3999999999999631,2.7398515103452743,-0.546314340356470418
-27.3499999999999623,2.70053849722826023,-0.645351597279444578
-27.2999999999999616,2.65403634937212596,-0.741769181164324776
-27.2499999999999609,2.60049412680341385,-0.834635746787967037
-27.1999999999999602,2.54030524025003057,-0.923044317556916183
-27.1499999999999595,2.47408776960704202,-1.0061984525910479
-27.0999999999999588,2.40263317827208578,-1.08348455692862666
-27.0499999999999581,2.32683122980268031,-1.15451906633144441
-26.9999999999999574,2.2475827532744117,-1.21916328892972681
-26.9499999999999567,2.16571385348933898,-1.27750388825316796
-26.8999999999999559,2.08190487933614321,-1.32980248808464085
-26.8499999999999552,1.99664499191290901,-1.37642278109690985
-26.7999999999999545,1.91021893995817793,-1.41774704032807319
-26.7499999999999538,1.82272737592970868,-1.45409549457375387
-26.6999999999999531,1.73413661541985653,-1.48566138522277602
-26.6499999999999524,1.64434905122759889,-1.51247179211038429
-26.5999999999999517,1.55328224383186764,-1.53437996946965516
-26.549999999999951,1.4609435282863541,-1.55108970770566557
-26.4999999999999503,1.36748797139790046,-1.56220700961440695
-26.4499999999999496,1.27325048637746874,-1.56731000745840721
-26.3999999999999488,1.17874734131666203,-1.56602526032279488
-26.3499999999999481,1.08464742319331564,-1.55809779590115238
-26.2999999999999474,0.991718575825826454,-1.5434435901512118
-26.2499999999999467,0.900758295550432964,-1.52217635048759803
-26.199999999999946,0.812520400095784856,-1.49460491664287298
-26.1499999999999453,0.727649628173820395,-1.46120254677084049
-26.0999999999999446,0.646634465696173777,-1.42255397286994634
-26.0499999999999439,0.56978515389679929,-1.3792896205635885
-25.9999999999999432,0.497239417208478696,-1.33201822768092604
-25.9499999999999424,0.42899372678962,-1.28126899318601462
-25.8999999999999417,0.364953696650994308,-1.22745240794607335
-25.849999999999941,0.304994197534430911,-1.17084544508256827
-25.7999999999999403,0.249018451345025787,-1.11160245011929182
-25.7499999999999396,0.197005918229532367,-1.04978863320574312
-25.6999999999999389,0.149041066259051613,-0.98542929030572779
-25.6499999999999382,0.105318683166626487,-0.918565398566296154
-25.5999999999999375,0.0661256014692205574,-0.849305436385282886
-25.5499999999999368,0.0318028178018036345,-0.777864263400673939
-25.4999999999999361,0.00269528519996140026,-0.704582441773411339
-25.4499999999999353,-0.0209014078901277323,-0.629923003927635339
-25.3999999999999346,-0.0387879867910642384,-0.554446713666032931
-25.3499999999999339,-0.0508939787661097931,-0.478770610555849019
-25.2999999999999332,-0.0572904259860856913,-0.403517424374639444
-25.2499999999999325,-0.0581811403730370658,-0.329264831116063306
-25.1999999999999318,-0.0538746441898589473,-0.256503287547207248
-25.1499999999999311,-0.0447422829556694546,-0.185609410367716998
-25.0999999999999304,-0.031170277592900357,-0.116838910446516495
-25.0499999999999297,-0.0135143234888322229,-0.0503395053979251023
-24.9999999999999289,0.00793536821682499366,0.0138193329518840387
-24.9499999999999282,0.0329727927894352402,0.0756058521350233825
-24.8999999999999275,0.0614759250671983518,0.134982524575800233
-24.8499999999999268,0.0933883206048948256,0.191867707536181126
-24.7999999999999261,0.128686585013439714,0.246109425722435909
-24.7499999999999254,0.16734020913347869,0.297475865091386849
-24.6999999999999247,0.209271496024512282,0.345664015754443055
-24.649999999999924,0.254323110926214679,0.390324563767135924
-24.5999999999999233,0.302239232817813175,0.431098211352262672
-24.5499999999999226,0.352663684381111286,0.467656620902936637
-24.4999999999999218,0.405155257541819025,0.499740469426875389
-24.4499999999999211,0.459217317122115165,0.527187769825659625
-24.3999999999999204,0.514336222961462419,0.549947515505224915
-24.3499999999999197,0.570021611172222609,0.568076467325470458
-24.299999999999919,0.625841371216567355,0.581720009136716731
-24.2499999999999183,0.681445261084319798,0.591080878827735412
-24.1999999999999176,0.73657329383888992,0.596381715357765296
-24.1499999999999169,0.791047887343045764,0.597828372424829668
-24.0999999999999162,0.844751762369165937,0.595580670422819813
-24.0499999999999154,0.897596153478630199,0.589735761796480129
-23.9999999999999147,0.949485596721356129,0.580326863453677233
-23.949999999999914,1.00028608038413891,0.567337220796371167
-23.8999999999999133,1.04980261110698692,0.550726347499381763
-23.8499999999999126,1.09777040993275898,0.530463349871104106
-23.7999999999999119,1.14386136361732738,0.506560897046891334
-23.7499999999999112,1.18770450142927775,0.479103354879311716
-23.6999999999999105,1.22891667519460368,0.44826375519053191
-23.6499999999999098,1.26713776459254435,0.414306396358646079
-23.5999999999999091,1.30206394413284965,0.377574563601041746
-23.5499999999999083,1.33347296596741316,0.338465615259674057
-23.4999999999999076,1.36123694410291041,0.297397995459771858
-23.4499999999999069,1.38532047692966964,0.254776180990839041
-23.3999999999999062,1.40576467421508089,0.210959892023086903
-23.3499999999999055,1.42266025404652097,0.166243043008420077
-23.2999999999999048,1.43611486510453901,0.120846049648381859
-23.2499999999999041,1.44622080685226995,0.0749225925153078065
-23.1999999999999034,1.45302918382981994,0.0285792384357071438
-23.1499999999999027,1.45653527374793468,-0.0180960615481455811
-23.0999999999999019,1.45667775282306322,-0.0650022045017062955
-23.0499999999999012,1.45335180737284175,-0.111996077328062049
-22.9999999999999005,1.44643355588883482,-0.158872205663251498
-22.9499999999998998,1.43581109410735031,-0.205354886598026337
-22.8999999999998991,1.42141624687572898,-0.251104426973671524
-22.8499999999998984,1.40325098946720495,-0.295736460848898264
-22.7999999999998977,1.38140350588024186,-0.338850871611565074
-22.749999999999897,1.35605079215597346,-0.380065050638335677
-22.6999999999998963,1.32744722544628657,-0.41904541719334798
-22.6499999999998956,1.29590113574480514,-0.455531451382081065
-22.5999999999998948,1.26174364984786136,-0.489347890580708433
-22.5499999999998941,1.22529551116849689,-0.520402948139348176
-22.4999999999998934,1.18683794815483035,-0.548673019485181324
-22.4499999999998927,1.14659289992353641,-0.574176859515899696
-22.399999999999892,1.10471615254754552,-0.596944177193626691
-22.3499999999998913,1.06130451971180872,-0.616984632658870158
-22.2999999999998906,1.01641556744222217,-0.634263144334884288
-22.2499999999998899,0.97009602499901515,-0.648686231227195709
-22.1999999999998892,0.922413382921303149,-0.660102047184520035
-22.1499999999998884,0.873484562428241684,-0.668314192814141728
-22.0999999999998877,0.823496065997893378,-0.673106795092526133
-22.049999999999887,0.772711592873454811,-0.67427620858426196
-21.9999999999998863,0.721465436013325023,-0.67166341592060097
-21.9499999999998856,0.670142636769141542,-0.665181030745961577
-21.8999999999998849,0.619149365706892607,-0.654829771732745591
-21.8499999999998842,0.568878856585264936,-0.640701207582141219
-21.7999999999998835,0.519679095035020966,-0.62296611556676218
-21.7499999999998828,0.471828184463761069,-0.601850479668777028
-21.699999999999882,0.425521923241249211,-0.577603479055028179
-21.6499999999998813,0.380875880142088563,-0.550463347186452623
-21.5999999999998806,0.337941561768208554,-0.520627424718624221
-21.5499999999998799,0.296733624885825775,-0.488231993856680535
-21.4999999999998792,0.257262991292809828,-0.453345694774038355
-21.4499999999998785,0.219569568814102972,-0.415977809579704871
-21.3999999999998778,0.183748293726667317,-0.376099917985812993
-21.3499999999998771,0.149963397169840085,-0.333676897109669579
-21.2999999999998764,0.118447952297949133,-0.288701430394555481
-21.2499999999998757,0.0894884895419899018,-0.241225452525470258
-21.1999999999998749,0.0633972723940647021,-0.191382438662207277
-21.1499999999998742,0.0404771840002845773,-0.139396072718393799
-21.0999999999998735,0.0209856406876161201,-0.0855733126692606455
-21.0499999999998728,0.00510423751307160015,-0.0302827601925850232
-20.9999999999998721,-0.00708012715588017538,0.0260779946663655809
-20.9499999999998714,-0.0155789459464824101,0.0831202614844825383
-20.8999999999998707,-0.0204896814226859791,0.14050050195423483
-20.84999999999987,-0.0219692829949088148,0.197948264787732447
-20.7999999999998693,-0.0201983510824521456,0.255280554468946597
-20.7499999999998685,-0.0153424836627498451,0.312399820741361856
-20.6999999999998678,-0.00751798327095268282,0.369275758271184251
-20.6499999999998671,0.00323157736255680339,0.425914128815038984
-20.5999999999998664,0.0169433333582756362,0.48231830172572715
-20.5499999999998657,0.03372584358873007,0.538450682939260128
-20.499999999999865,0.0537339222170653552,0.594201375740659676
-20.4499999999998643,0.0771319581398426934,0.649370231170542267
-20.3999999999998636,0.104052343061157127,0.703666093627605571
-20.3499999999998629,0.13455670109567347,0.756723938136452001
-20.2999999999998622,0.168607286231319042,0.808137287110403224
-20.2499999999998614,0.206054218644003417,0.857500391262809636
-20.1999999999998607,0.246641448405982816,0.904452704592471846
-20.14999999999986,0.290030952280439125,0.948717557620021745
-20.0999999999998593,0.335841292969710214,0.990127781678531105
-20.0499999999998586,0.383693919244502524,1.02863323915610394
-19.9999999999998579,0.433258978159817898,1.06428839953655463
-19.9499999999998572,0.484292268542442783,1.09722171086544895
-19.8999999999998565,0.536656350246988434,1.1275919028670307
-19.8499999999998558,0.590321522383371655,1.15553889897124629
-19.799999999999855,0.645345938630907501,1.18113822646253497
-19.7499999999998543,0.701837915856811989,1.2043674425763653
-19.6999999999998536,0.759906833515640034,1.22509116553414854
-19.6499999999998529,0.819611299942608729,1.24306812072206485
-19.5999999999998522,0.880914038289549728,1.25797972351927689
-19.5499999999998515,0.943652039289605393,1.26947580245584613
-19.4999999999998508,1.00752805730720807,1.27722982213969916
-19.4499999999998501,1.07212589018602067,1.28099399422238869
-19.3999999999998494,1.13694770007108747,1.28064435356583517
-19.3499999999998487,1.20146763218047958,1.27620732660533909
-19.2999999999998479,1.26519288738398528,1.26786232017121137
-19.2499999999998472,1.32772177653956991,1.25591892215161605
-19.1999999999998465,1.38878845750208413,1.24077174115925426
-19.1499999999998458,1.4482860475979773,1.22283994930319451
-19.0999999999998451,1.50626331377878442,1.20250151051297016
-19.0499999999998444,1.56289459503644235,1.18003333612194727
-18.9999999999998437,1.61842725421323053,1.15556794677065477
-18.949999999999843,1.67311498605993658,1.12907470156236478
-18.8999999999998423,1.72714801109143901,1.10036967241554517
-18.8499999999998415,1.78059206101600886,1.06915344683414837
-18.7999999999998408,1.83334691728421362,1.03507134308046478
-18.7499999999998401,1.88513225019345798,0.997786542351149164
-18.6999999999998394,1.93550409715713334,0.957054182462953928
-18.6499999999998387,1.98390023847797003,0.912783968661308842
-18.599999999999838,2.02970782824633922,0.865080462199897982
-18.5499999999998373,2.07234275143438129,0.814253673767116992
-18.4999999999998366,2.11132798097694918,0.760797363491457324
-18.4499999999998359,2.14635809874655781,0.705337748322649394
-18.3999999999998352,2.17733917180643344,0.648560257036357113
-18.3499999999998344,2.20439703001403364,0.591125717706452836
-18.2999999999998337,2.22785205247861384,0.533589268459720101
-18.249999999999833,2.24816401084002715,0.476335009862487002
-18.1999999999998323,2.26585543909343068,0.41953699338421313
-18.1499999999998316,2.28142558150952501,0.363152958424110994
-18.0999999999998309,2.29526860050934989,0.306951981154917286
-18.0499999999998302,2.30760910907246863,0.2505717442328117
-17.9999999999998295,2.31846531242904241,0.193596361511421289
-17.9499999999998288,2.3276455681843391,0.135642367924724949
-17.899999999999828,2.33477876464508061,0.07643916245291138
-17.8499999999998273,2.33937347830366926,0.0158911091284095196
-17.7999999999998266,2.34089628827878293,-0.0458884808354489415
-17.7499999999998259,2.3388566313197563,-0.108576649807825776
-17.6999999999998252,2.33288465244788989,-0.171673115516829178
-17.6499999999998245,2.32278978601694686,-0.23456002359270689
-17.5999999999998238,2.30859106753013332,-0.296579189942807409
-17.5499999999998231,2.29051487388958019,-0.35711422437202256
-17.4999999999998224,2.26896112782572335,-0.415664360215252549
-17.4499999999998217,2.24444408964134823,-0.471898413958103002
-17.3999999999998209,2.21751785657247913,-0.525680768153171218
-17.3499999999998202,2.18869895054268238,-0.577066006957937971
-17.2999999999998195,2.15839855203765962,-0.626264029726318006
-17.2499999999998188,2.12687503854380067,-0.673582252654978841
-17.1999999999998181,2.09421386577367619,-0.719355092570440613
-17.1499999999998174,2.06033712700688687,-0.763872736271858033
-17.0999999999998167,2.02504014935982291,-0.80732096765988437
-17.049999999999816,1.98804807583157417,-0.849741636050264426
-16.9999999999998153,1.94908226690231245,-0.891019614253412029
-16.9499999999998145,1.90792503007320846,-0.930897479100231906
-16.8999999999998138,1.86447183128397032,-0.969014450606489164
-16.8499999999998131,1.81876260127519718,-1.00496214608953727
-16.7999999999998124,1.77098756000965407,-1.03834710014055909
-16.7499999999998117,1.72146746037890153,-1.06884917913702404
-16.699999999999811,1.67061251695216462,-1.09626607446512092
-16.6499999999998103,1.61886779229487199,-1.12053676227802113
-16.5999999999998096,1.56665488295139221,-1.14174066206125646
-16.5499999999998089,1.51432006130502805,-1.16007351960403637
-16.4999999999998082,1.46209758059205175,-1.1758050292167963
-16.4499999999998074,1.41009393605244782,-1.18922621284719487
-16.3999999999998067,1.35829504031117887,-1.2005960952898449
-16.349999999999806,1.30659420733357257,-1.21009702958372656
-16.2999999999998053,1.25483526168304427,-1.21780621245282394
-16.2499999999998046,1.20286261122898019,-1.22368784651752316
-16.1999999999998039,1.15056914770880248,-1.22760662778564145
-16.1499999999998032,1.0979335027092314,-1.22935944574195299
-16.0999999999998025,1.04504032775694888,-1.22871904744741611
-16.0499999999998018,0.992080470611179432,-1.22548147352233006
-15.999999999999801,0.93933159189223292,-1.21950863671984133
-15.9499999999998003,0.887123243955406093,-1.21075852318418731
-15.8999999999997996,0.835793104045557844,-1.19929791746218561
-15.8499999999997989,0.785642460136592446,-1.185295822169389
-15.7999999999997982,0.736898969410718085,-1.16899925833042539
-15.7499999999997975,0.689693194616576521,-1.15069625866569147
-15.6999999999997968,0.644052776646006242,-1.13067305241451255
-15.6499999999997961,0.599914822858526153,-1.10917331542811648
-15.5999999999997954,0.557153783131513869,-1.08636679471394459
-15.5499999999997947,0.515619345385300187,-1.06233274493039076
-15.4999999999997939,0.475177191595571202,-1.03706080048027927
-15.4499999999997932,0.43574509782037274,-1.01046867833947585
-15.3999999999997925,0.397317875424373912,-0.98243305578902862
-15.3499999999997918,0.359976825041600224,-0.952827642880428982
-15.2999999999997911,0.323882293370397034,-0.921561279410976431
-15.2499999999997904,0.289251041793440744,-0.888609025421166043
-15.1999999999997897,0.256322884332443934,-0.85403063335852103
-15.149999999999789,0.225322936735793455,-0.81797320818103092
-15.0999999999997883,0.196426509915590464,-0.780657820966103144
-15.0499999999997875,0.169733073149283875,-0.742352793074410489
-14.9999999999997868,0.145253937404748623,-0.703338772576601823
-14.9499999999997861,0.122915709639455417,-0.663872151307394409
-14.8999999999997854,0.102578633247442763,-0.624153573206274515
-14.8499999999997847,0.0840662007671484635,-0.584307243360373652
-14.799999999999784,0.0672004000877987062,-0.544374670888433387
-14.7499999999997833,0.0518359967923729958,-0.504323762698452915
-14.6999999999997826,0.0378875250719539758,-0.464071336597250528
-14.6499999999997819,0.0253440927265028149,-0.423514666658073635
-14.5999999999997812,0.0142694243145516653,-0.382566058260640607
-14.5499999999997804,0.00478733324557105433,-0.341183962541918295
-14.4999999999997797,-0.00294448636672023367,-0.299394857448954221
-14.449999999999779,-0.00876732120988642227,-0.257301900018687302
-14.3999999999997783,-0.0125547431558428804,-0.215078853122443875
-14.3499999999997776,-0.0142401242866959446,-0.172950541293953874
-14.2999999999997769,-0.0138332637887536303,-0.131163583639621245
-14.2499999999997762,-0.0114230969955585529,-0.0899529283944646985
-14.1999999999997755,-0.00716607103251707279,-0.0495104506067785138
-14.1499999999997748,-0.0012624426551362364,-0.00996144329804531797
-14.099999999999774,0.00607501318809223773,0.0286466784606973224
-14.0499999999997733,0.0146540116574043078,0.0663414445153501509
-13.9999999999997726,0.0243313272341548793,0.103208815463565404
-13.9499999999997719,0.0350316309313690455,0.139366263288360381
-13.8999999999997712,0.0467531459839311617,0.174930546609546211
-13.8499999999997705,0.059559149276481059,0.209986245753275097
-13.7999999999997698,0.0735569931432093482,0.244560954555888832
-13.7499999999997691,0.0888686475672217646,0.278611759507570389
-13.6999999999997684,0.105598335048112141,0.312025511600797334
-13.6499999999997677,0.123803359313904376,0.34463280976112981
-13.5999999999997669,0.143473618765839694,0.376233049250723484
-13.5499999999997662,0.164523661833464063,0.406625821282774969
-13.4999999999997655,0.186798789866322118,0.43564276530884638
-13.4499999999997648,0.210094082332410337,0.463173892759504657
-13.3999999999997641,0.234182799032447875,0.489183435277224909
-13.3499999999997634,0.258848855583568849,0.513712228984296138
-13.2999999999997627,0.283917299520211386,0.536866164577852301
-13.249999999999762,0.309277079221249251,0.558792842249332677
-13.1999999999997613,0.334891830089632969,0.579650784355699611
-13.1499999999997605,0.360796636985761088,0.599576963930929407
-13.0999999999997598,0.387081354083528506,0.618658739591437579
-13.0499999999997591,0.413863585175913262,0.636915482105858688
-12.9999999999997584,0.441256378314671016,0.654293381276226826
-12.9499999999997577,0.469336702454085875,0.670674465166992695
-12.899999999999757,0.498120657340661133,0.685898202566319393
-12.8499999999997563,0.527550137573085887,0.699791689361464853
-12.7999999999997556,0.557493551232540852,0.712202784001721545
-12.7499999999997549,0.587760573277437581,0.723029965777850059
-12.6999999999997542,0.618128279769924793,0.732243259130258117
-12.6499999999997534,0.648373852331823874,0.739892199165113729
-12.5999999999997527,0.678307768835631708,0.746099211195934031
-12.549999999999752,0.707801250601948762,0.751039499031925573
-12.4999999999997513,0.736802754737152954,0.754911077794326868
-12.4499999999997506,0.765340302876069134,0.757900471696012712
-12.3999999999997499,0.793509060037170033,0.760150467925110651
-12.3499999999997492,0.821446336521536868,0.761736002325943518
-12.2999999999997485,0.84929856872175602,0.762652797692850548
-12.2499999999997478,0.877186393108802531,0.762821040207937617
-12.199999999999747,0.905174361847791098,0.762103589244934709
-12.1499999999997463,0.933251064395820729,0.760335485025053881
-12.0999999999997456,0.961323548240383241,0.757359356861316724
-12.0499999999997449,0.989227308284656659,0.75306015178012442
-11.9999999999997442,1.0167502167512561,0.747392632337122831
-11.9499999999997435,1.04366612934639535,0.74039634470608795
-11.8999999999997428,1.06977202291720008,0.732195018097239192
-11.8499999999997421,1.09492175578862949,0.722980218905224237
-11.7999999999997414,1.11905005345687414,0.712982024899890376
-11.7499999999997407,1.14218203448356936,0.702431960994895133
-11.6999999999997399,1.16442620597498125,0.691524981294667884
-11.6499999999997392,1.18595190497252245,0.680387590165220546
-11.5999999999997385,1.20695508387565575,0.66905818943569606
-11.5499999999997378,1.2276185909441848,0.657483582414355117
-11.4999999999997371,1.24807425145466544,0.645532636395560688
-11.4499999999997364,1.26837387681058011,0.633024931174280381
-11.3999999999997357,1.28847482492283483,0.619769383933769458
-11.349999999999735,1.30824315694418702,0.605605871597563183
-11.2999999999997343,1.32747423690734534,0.590442151545377047
-11.2499999999997335,1.34592737881176872,0.574279069414993293
-11.1999999999997328,1.36336845650129979,0.557219041995326236
-11.1499999999997321,1.37961276221015572,0.539455774802325538
-11.0999999999997314,1.39456015312770765,0.521246593425209293
-11.0499999999997307,1.40821573859809024,0.502872017673106741
-10.99999999999973,1.42069184523813719,0.484589688193151291
-10.9499999999997293,1.43219032866064344,0.466590994159107708
-10.8999999999997286,1.44296789012583426,0.448968491326660168
-10.8499999999997279,1.45329025548173751,0.431700452674174728
-10.7999999999997272,1.46338328949405905,0.414655940150766456
-10.7499999999997264,1.47338992308065442,0.397620132409188476
-10.6999999999997257,1.4833409816694425,0.380335935225171506
-10.649999999999725,1.49314572139836343,0.362554809217922214
-10.5999999999997243,1.50260447949008191,0.344087849003834156
-10.5499999999997236,1.51144190981414761,0.324847813783616657
-10.4999999999997229,1.51935549875968356,0.304874143829197808
-10.4499999999997222,1.52607112285728341,0.284335805750430826
-10.3999999999997215,1.53139586688263529,0.26351062845395945
-10.3499999999997208,1.5352584832665781,0.242743966079444762
-10.29999999999972,1.53772975824064795,0.222393319156352132
-10.2499999999997193,1.53901836917311297,0.202768275398237607
-10.1999999999997186,1.53944202143706144,0.184076283618800268
-10.1499999999997179,1.53937802241851673,0.166384101564953008
-10.0999999999997172,1.53920121886900185,0.149602330382650917
-10.0499999999997165,1.53921971307819017,0.133496644905206102
-9.99999999999971578,1.53961951314933776,0.11772478029343704
-9.94999999999971507,1.54042808816738019,0.101893817144171533
-9.89999999999971436,1.54150384731964163,0.0856286067883160751
-9.84999999999971365,1.54255431126266251,0.0686399590770696566
-9.79999999999971294,1.54318089811021464,0.050780896793021002
-9.74999999999971223,1.54294362713899691,0.032080963980993471
-9.69999999999971152,1.54143545018390205,0.0127520165840849797
-9.64999999999971081,1.53835399236578785,-0.00683642802170980612
-9.5999999999997101,1.53355858522235522,-0.0262091191613676999
-9.54999999999970939,1.52710263053399697,-0.0448564472084648225
-9.49999999999970868,1.51923521589792587,-0.0623139840509575604
-9.44999999999970797,1.5103708875618258,-0.078237285980770066
-9.39999999999970726,1.50103174947413853,-0.092459561272632218
-9.34999999999970655,1.49177071788522708,-0.10502238783262885
-9.29999999999970584,1.48308802582381483,-0.116173922285066622
-9.24999999999970512,1.47535437424713378,-0.126334280275820665
-9.19999999999970441,1.46875322396204622,-0.136033127509014917
-9.1499999999997037,1.46325174280308334,-0.145829114970178975
-9.09999999999970299,1.45860534945023756,-0.15622385358925503
-9.04999999999970228,1.4543953869284163,-0.167584131242804413
-8.99999999999970157,1.45009411273500599,-0.180084836235684914
-8.94999999999970086,1.44514678387119888,-0.193681746386319409
-8.89999999999970015,1.43905785344188675,-0.208118513001960659
-8.84999999999969944,1.43146762732823873,-0.222966631234486345
-8.79999999999969873,1.42220727661630031,-0.237691877379818561
-8.74999999999969802,1.41132362708738235,-0.251736484503415126
-8.69999999999969731,1.39907007266374928,-0.264603893078499963
-8.6499999999996966,1.38586545881112011,-0.275932631110306636
-8.59999999999969589,1.37222793219254857,-0.285547779139661007
-8.54999999999969518,1.35869470175659313,-0.293482234559572286
-8.49999999999969447,1.34574076435868717,-0.299964974926160977
-8.44999999999969376,1.33370959018442981,-0.305378897563182039
-8.39999999999969305,1.32276657853437563,-0.310195689330921676
-8.34999999999969233,1.31288217469862922,-0.314898755161080846
-8.29999999999969162,1.30384655919959758,-0.31990693330232034
-8.24999999999969091,1.2953126245966935,-0.325511297071112982
-8.1999999999996902,1.28685940917565778,-0.331834895041301037
-8.14999999999968949,1.27806500566794101,-0.33882125869692703
-8.09999999999968878,1.26857670491185015,-0.346252610287301477
-8.04999999999968807,1.25816694057952949,-0.353793770238612415
-7.99999999999968825,1.24676629257737726,-0.361053620248357743
-7.94999999999968843,1.23446888973126145,-0.367653303323151437
-7.8999999999996886,1.22151030771752311,-0.373289552117419932
-7.84999999999968878,1.20822266755224095,-0.377782720804264283
-7.79999999999968896,1.19497532698573483,-0.381102005269637334
-7.74999999999968914,1.18211171921299263,-0.38336443537442999
-7.69999999999968932,1.16989320109155392,-0.384808784138753079
-7.64999999999968949,1.15845922154755443,-0.385749772141887715
-7.59999999999968967,1.14781002365200013,-0.386521135600636723
-7.54999999999968985,1.13781402268064658,-0.38741775365174691
-7.49999999999969003,1.12823768324812801,-0.388646855733987773
-7.4499999999996902,1.11879190283608887,-0.390296431558741663
-7.39999999999969038,1.10918624320800463,-0.392325718145260793
-7.34999999999969056,1.09918126697015439,-0.394578639936179976
-7.29999999999969074,1.08862988033876151,-0.396817044263997276
-7.24999999999969091,1.07750079695084366,-0.398767209512454701
-7.19999999999969109,1.06588059296349513,-0.400170977638169334
-7.14999999999969127,1.0539547028828542,-0.400832316211964412
-7.09999999999969145,1.04197141358257794,-0.400651202684419339
-7.04999999999969162,1.03019580240946995,-0.399639211561394148
-6.9999999999996918,1.01886214533750774,-0.397914598808059183
-6.94999999999969198,1.00813334636901053,-0.395678389992633217
-6.89999999999969216,0.9980744440250644,-0.393176324012290912
-6.84999999999969233,0.98864453775886374,-0.390653897503901837
-6.79999999999969251,0.979708058788196556,-0.388312793269742329
-6.74999999999969269,0.971062812591585445,-0.386276506312395351
-6.69999999999969287,0.962479270896718031,-0.384571122563708567
-6.64999999999969305,0.953743704825791294,-0.383124322692288577
-6.59999999999969322,0.944697242255516878,-0.381782316522115583
-6.5499999999996934,0.935263862359015929,-0.380341178114362743
-6.49999999999969358,0.925462510285689044,-0.378586526815327618
-6.44999999999969376,0.915401507670287051,-0.376334125556838983
-6.39999999999969393,0.905256692906786675,-0.373463968627575194
-6.34999999999969411,0.895237654495282476,-0.369941779060301901
-6.29999999999969429,0.885548497435382442,-0.365824260106983878
-6.24999999999969447,0.876350446532381144,-0.361247485793469159
-6.19999999999969464,0.867733107520797575,-0.356400908770473812
-6.14999999999969482,0.859699489463525035,-0.351492046422466897
-6.099999999999695,0.852167274424137533,-0.346708517508958591
-6.04999999999969518,0.844985795370543968,-0.3421844646830558
-5.99999999999969535,0.837965309273464576,-0.337977467756455541
-5.94999999999969553,0.830912951772499353,-0.334060019508551131
-5.89999999999969571,0.823668624253868331,-0.330326889200887375
-5.84999999999969589,0.816134185250298905,-0.326616752250859621
-5.79999999999969607,0.808290655008354175,-0.32274386043893738
-5.74999999999969624,0.800200432413890272,-0.318533738122066756
-5.69999999999969642,0.791994333800121741,-0.31385623326185097
-5.6499999999996966,0.783846070412724472,-0.308649833240111193
-5.59999999999969678,0.775939069468954412,-0.30293285178996654
-5.54999999999969695,0.768431898226960786,-0.296799579146055148
-5.49999999999969713,0.761428732887925341,-0.290402295740808392
-5.44999999999969731,0.754960304097165524,-0.283922659369196084
-5.39999999999969749,0.748978747401052414,-0.277537907670893813
-5.34999999999969766,0.743367170147175571,-0.271388222531731116
-5.29999999999969784,0.737962005188744663,-0.265551323600734801
-5.24999999999969802,0.732583863984131334,-0.26002895720554775
-5.1999999999996982,0.727071059783793938,-0.254747693422093857
-5.14999999999969837,0.721309523998318158,-0.249573761894433727
-5.09999999999969855,0.715253559800095084,-0.244339046021915168
-5.04999999999969873,0.708933624402526052,-0.238873298346120866
-4.99999999999969891,0.702449774445898178,-0.233036514672701922
-4.94999999999969909,0.695952090153858838,-0.226745413306249366
-4.89999999999969926,0.689611814699828685,-0.219989100412759986
-4.84999999999969944,0.683588657752214335,-0.212831046292708159
-4.79999999999969962,0.678000402041179728,-0.205397066336947431
-4.7499999999996998,0.67290049545763031,-0.197851615183480434
-4.69999999999969997,0.668267798016583425,-0.190366877106401045
-4.64999999999970015,0.664010367955967795,-0.183090467325909972
-4.59999999999970033,0.659982541509680165,-0.176117802688731506
-4.54999999999970051,0.656012076497941243,-0.169474313473619936
-4.49999999999970068,0.651932252759565567,-0.163110818254885215
-4.44999999999970086,0.6476129009987458,-0.156912916631758798
-4.39999999999970104,0.642984536306698495,-0.150722630201610835
-4.34999999999970122,0.638051064600030693,-0.144368229245433966
-4.29999999999970139,0.632888668655172903,-0.137696648244329534
-4.24999999999970157,0.627631067155755451,-0.130602403658476585
-4.19999999999970175,0.622443893515023161,-0.123047574452079533
-4.14999999999970193,0.617492985225815194,-0.115069070474403665
-4.0999999999997021,0.612912527188472445,-0.106771787455733791
-4.04999999999970228,0.6087790369616638,-0.0983088890471588844
-3.99999999999970246,0.605096104876846286,-0.0898528741226531508
-3.94999999999970264,0.601792804382693447,-0.0815628298235002436
-3.89999999999970282,0.598736137058009987,-0.0735540101012490399
-3.84999999999970299,0.59575524601633445,-0.0658754737336467722
-3.79999999999970317,0.592672911333220087,-0.0585000353435311538
-3.74999999999970335,0.589338447960890521,-0.0513284985455000065
-3.69999999999970353,0.585655824918930312,-0.0442074736865102347
-3.6499999999997037,0.581601677301390674,-0.0369575289461905598
-3.59999999999970388,0.577229738311324736,-0.0294064600286315647
-3.54999999999970406,0.572660737997380376,-0.0214214608267406514
-3.49999999999970424,0.568059533596214639,-0.0129341296375743708
-3.44999999999970441,0.563603647885863479,-0.00395353366489811786
-3.39999999999970459,0.559449044267567697,0.00543525190924240564
-3.34999999999970477,0.555699545361477365,0.0150870160095903927
-3.29999999999970495,0.552385687659481484,0.0248238765328483435
-3.24999999999970512,0.549457100776845064,0.0344693135569454634
-3.1999999999997053,0.546790012256037072,0.0438824549697731658
-3.14999999999970548,0.54420866269809598,0.0529861725046261722
-3.09999999999970566,0.541516792209754239,0.0617836224485394936
-3.04999999999970584,0.538533418879314052,0.0703599579351796289
-2.99999999999970601,0.53512624318243307,0.0788686717826863615
-2.94999999999970619,0.531236357754722777,0.0875048999900006341
-2.89999999999970637,0.526889472284364335,0.0964704937773886162
-2.84999999999970655,0.522191310363827155,0.105937285912562407
-2.79999999999970672,0.517307757298224535,0.116015421557676329
-2.7499999999997069,0.512433199080479351,0.126732794617474748
-2.69999999999970708,0.507752760432337968,0.138029661704815482
-2.64999999999970726,0.503405393248643751,0.149769744559468482
-2.59999999999970743,0.499454738080580218,0.161766077320427915
-2.54999999999970761,0.495873363866949024,0.173817068965342852
-2.49999999999970779,0.492543606309282012,0.185746254682113643
-2.44999999999970797,0.48927519534066588,0.19743838714886125
-2.39999999999970814,0.48583673575733588,0.208865043960237362
-2.34999999999970832,0.48199545858685755,0.220094729552422236
-2.2999999999997085,0.477557992640836648,0.231285221147344039
-2.24999999999970868,0.472404543689682543,0.242659156443767648
-2.19999999999970886,0.466509906622686377,0.254466996770203457
-2.14999999999970903,0.459947012238185349,0.266943942903498432
-2.09999999999970921,0.452871832783922734,0.280268666865736371
-2.04999999999970939,0.445491883628388985,0.294531589474069322
-1.99999999999970934,0.438023642140771829,0.309718872421266167
-1.9499999999997093,0.430646385611751725,0.325715558288319995
-1.89999999999970925,0.423460806889180419,0.342327855204692
-1.84999999999970921,0.416460110487647972,0.359321036303592301
-1.79999999999970917,0.40951920565585509,0.376466449160781813
-1.74999999999970912,0.402404440606911051,0.393589262787800431
-1.69999999999970908,0.394802613288339654,0.41060818688713896
-1.64999999999970903,0.3863644082115123,0.427559588497951837
-1.59999999999970899,0.37675459879628026,0.444601029253917757
-1.54999999999970894,0.365699848659283844,0.461992817874208095
-1.4999999999997089,0.353025049119088996,0.48006009650597431
-1.44999999999970886,0.338670867479799798,0.499141556362788841
-1.39999999999970881,0.322688282245842006,0.519533452503561421
-1.34999999999970877,0.305209827207766127,0.541438666874117347
-1.29999999999970872,0.286401372728943504,0.564929914078921791
-1.24999999999970868,0.26640181097370319,0.589933858654691945
-1.19999999999970863,0.245260337744946016,0.61623927546287538
-1.14999999999970859,0.222881693629949029,0.643528034557216189
-1.09999999999970854,0.198988583127840707,0.671423364134963285
-1.0499999999997085,0.17310769553855393,0.699546284997849432
-0.999999999999708455,0.144581771349266919,0.727568939924563285
-0.949999999999708411,0.112605690097924802,0.755253149249043521
-0.899999999999708367,0.0762804188875982059,0.782463990696995459
-0.849999999999708322,0.0346756642117769798,0.80915128456802965
-0.799999999999708278,-0.0131091136959069765,0.835296043722032477
-0.749999999999708233,-0.0678946005535452091,0.860823527397020727
-0.699999999999708189,-0.130388270310382665,0.885488807238868914
-0.649999999999708145,-0.201167945553397842,0.908744176998100617
-0.5999999999997081,-0.280675078516114729,0.929600165289308
-0.549999999999708056,-0.36920226767556652,0.946493787981304235
-0.499999999999708067,-0.466851574058565033,0.957180189248935998
-0.449999999999708078,-0.573434635262176196,0.958668860669184997
-0.399999999999708089,-0.688285898651425199,0.947235289331490371
-0.3499999999997081,-0.809972266081163794,0.918553950705851663
-0.299999999999708111,-0.93591409602529485,0.868015307028061622
-0.249999999999708122,-1.06199110425373022,0.791294818543752831
-0.199999999999708133,-1.18228907932578009,0.685209996607731964
-0.149999999999708145,-1.28921880859192362,0.548800394741517428
-0.0999999999997081418,-1.37423641761716264,0.384387694933679247
-0.049999999999708139,-1.42922836617646287,0.198186266235809483
2.9186375538614584e-13,-1.44828374277440064,-1.16898920480609464e-12
0.0500000000002918665,-1.42922836617602123,-0.198186266238075837
0.100000000000291869,-1.37423641761633331,-0.384387694935742874
0.150000000000291872,-1.28921880859080584,-0.5488003947432879
0.200000000000291889,-1.1822890793244496,-0.68520999660915316
0.250000000000291878,-1.06199110425227294,-0.791294818544811207
0.300000000000291867,-0.93591409602381348,-0.868015307028795369
0.350000000000291855,-0.80997226607969941,-0.918553950706294531
0.400000000000291844,-0.688285898650047967,-0.947235289331721519
0.450000000000291833,-0.573434635260888448,-0.958668860669241063
0.500000000000291878,-0.466851574057367547,-0.957180189248855839
0.550000000000291922,-0.36920226767447778,-0.946493787981131485
0.600000000000291966,-0.280675078515138399,-0.929600165289092284
0.650000000000292011,-0.201167945552513633,-0.90874417699782073
0.700000000000292055,-0.130388270309602872,-0.885488807238582698
0.7500000000002921,-0.0678946005528596186,-0.860823527396722521
0.800000000000292144,-0.0131091136953149501,-0.835296043721741821
0.850000000000292188,0.0346756642122995895,-0.809151284567713791
0.900000000000292233,0.0762804188880535639,-0.78246399069668382
0.950000000000292277,0.112605690098318681,-0.755253149248727107
1.00000000000029221,0.144581771349617194,-0.727568939924235769
1.05000000000029226,0.173107695538869816,-0.699546284997523471
1.1000000000002923,0.19898858312813153,-0.671423364134638434
1.15000000000029234,0.222881693630217231,-0.643528034556898332
1.20000000000029239,0.245260337745199064,-0.6162392754625583
1.25000000000029243,0.266401810973942166,-0.58993385865438841
1.30000000000029248,0.286401372729169601,-0.564929914078635798
1.35000000000029252,0.305209827207982065,-0.54143866687384723
1.40000000000029257,0.32268828224603785,-0.519533452503314175
1.45000000000029261,0.338670867479978321,-0.499141556362558136
1.50000000000029265,0.353025049119244039,-0.480060096505759426
1.5500000000002927,0.365699848659419957,-0.461992817874001649
1.60000000000029274,0.37675459879640083,-0.44460102925371614
1.65000000000029279,0.386364408211614441,-0.427559588497751886
1.70000000000029283,0.394802613288431803,-0.410608186886934956
1.75000000000029288,0.402404440606994485,-0.393589262787599037
1.80000000000029292,0.409519205655937468,-0.376466449160584027
1.85000000000029297,0.416460110487728907,-0.35932103630339407
1.90000000000029301,0.42346080688926524,-0.342327855204494047
1.95000000000029305,0.430646385611837157,-0.325715558288135643
2.0000000000002931,0.438023642140859204,-0.309718872421083646
2.05000000000029292,0.445491883628477137,-0.294531589473896072
2.10000000000029274,0.45287183278401022,-0.280268666865575056
2.15000000000029257,0.459947012238266062,-0.266943942903345111
2.20000000000029239,0.46650990662276004,-0.254466996770064235
2.25000000000029221,0.47240454368974838,-0.242659156443636753
2.30000000000029203,0.477557992640891826,-0.231285221147213671
2.35000000000029186,0.481995458586904957,-0.220094729552291757
2.40000000000029168,0.485836735757377403,-0.208865043960102803
2.4500000000002915,0.489275195340706459,-0.197438387148730632
2.50000000000029132,0.492543606309317483,-0.18574625468197617
2.55000000000029114,0.49587336386698555,-0.17381706896520191
2.60000000000029097,0.499454738080625238,-0.161766077320287582
2.65000000000029079,0.503405393248694155,-0.149769744559328649
2.70000000000029061,0.507752760432395256,-0.138029661704681617
2.75000000000029043,0.512433199080535751,-0.12673279461734363
2.80000000000029026,0.517307757298284931,-0.116015421557555842
2.85000000000029008,0.522191310363882777,-0.105937285912449469
2.9000000000002899,0.526889472284413851,-0.0964704937772803139
2.95000000000028972,0.531236357754770516,-0.0875048999899028235
3.00000000000028955,0.535126243182474925,-0.0788686717825818617
3.05000000000028937,0.538533418879346915,-0.0703599579350823179
3.10000000000028919,0.541516792209791209,-0.0617836224484404339
3.15000000000028901,0.544208662698129064,-0.0529861725045251419
3.20000000000028884,0.546790012256066493,-0.0438824549696668897
3.25000000000028866,0.549457100776878593,-0.0344693135568314157
3.30000000000028848,0.552385687659520785,-0.0248238765327378486
3.3500000000002883,0.555699545361520331,-0.0150870160094771222
3.40000000000028813,0.559449044267616435,-0.0054352519091301621
3.45000000000028795,0.563603647885907555,0.0039535336650043662
3.50000000000028777,0.568059533596270594,0.0129341296376773718
3.55000000000028759,0.572660737997434777,0.0214214608268329387
3.60000000000028741,0.57722973831137514,0.0294064600287193001
3.65000000000028724,0.581601677301437081,0.0369575289462810153
3.70000000000028706,0.585655824918971391,0.0442074736865918638
3.75000000000028688,0.589338447960928824,0.0513284985455818299
3.8000000000002867,0.592672911333259833,0.0585000353436160858
3.85000000000028653,0.595755246016370643,0.0658754737337320928
3.90000000000028635,0.598736137058045959,0.0735540101013337499
3.95000000000028617,0.601792804382724533,0.0815628298235963056
4.00000000000028599,0.605096104876889918,0.0898528741227505173
4.05000000000028582,0.608779036961707654,0.09830888904725886
4.10000000000028564,0.612912527188525735,0.106771787455829742
4.15000000000028546,0.617492985225862823,0.115069070474502211
4.20000000000028528,0.622443893515082114,0.123047574452171335
4.25000000000028511,0.627631067155819289,0.130602403658559407
4.30000000000028493,0.632888668655232856,0.137696648244411191
4.35000000000028475,0.638051064600091311,0.144368229245504909
4.40000000000028457,0.642984536306749677,0.150722630201683055
4.45000000000028439,0.647612900998798535,0.156912916631829685
4.50000000000028422,0.651932252759612085,0.163110818254958045
4.55000000000028404,0.656012076497983543,0.169474313473692989
4.60000000000028386,0.659982541509721909,0.176117802688811387
4.65000000000028368,0.664010367956017977,0.183090467325991491
4.70000000000028351,0.668267798016631942,0.190366877106488114
4.75000000000028333,0.672900495457689707,0.197851615183568613
4.80000000000028315,0.67800040204124401,0.205397066337035528
4.85000000000028297,0.683588657752274176,0.212831046292791481
4.9000000000002828,0.689611814699899961,0.219989100412838312
4.95000000000028262,0.695952090153925784,0.226745413306325583
5.00000000000028244,0.702449774445981667,0.233036514672773309
5.05000000000028226,0.708933624402602103,0.238873298346186203
5.10000000000028209,0.715253559800166139,0.244339046021975703
5.15000000000028191,0.721309523998385882,0.24957376189449601
5.20000000000028173,0.727071059783858664,0.2547476934221517
5.25000000000028155,0.732583863984195727,0.26002895720560959
5.30000000000028137,0.737962005188804726,0.265551323600800859
5.3500000000002812,0.743367170147235856,0.271388222531801615
5.40000000000028102,0.74897874740111825,0.27753790767096187
5.45000000000028084,0.75496030409724213,0.283922659369272079
5.50000000000028066,0.761428732888007831,0.290402295740883332
5.55000000000028049,0.768431898227050159,0.296799579146136139
5.60000000000028031,0.775939069469045339,0.302932851790036539
5.65000000000028013,0.783846070412820284,0.30864983324018147
5.70000000000027995,0.791994333800213557,0.313856233261907258
5.75000000000027978,0.800200432413983975,0.318533738122115162
5.8000000000002796,0.808290655008446213,0.322743860438982788
5.85000000000027942,0.816134185250387612,0.32661675225090292
5.90000000000027924,0.823668624253951376,0.330326889200930063
5.95000000000027907,0.830912951772586839,0.334060019508598205
6.00000000000027889,0.837965309273553727,0.337977467756508831
6.05000000000027871,0.844985795370628567,0.342184464683112144
6.10000000000027853,0.852167274424221244,0.346708517509010439
6.15000000000027836,0.859699489463613409,0.35149204642252363
6.20000000000027818,0.867733107520888614,0.356400908770528102
6.250000000000278,0.876350446532486949,0.361247485793526946
6.30000000000027782,0.885548497435489246,0.365824260107043664
6.35000000000027764,0.895237654495404378,0.369941779060340759
6.40000000000027747,0.905256692906903249,0.373463968627600673
6.45000000000027729,0.915401507670400072,0.376334125556870569
6.50000000000027711,0.925462510285804507,0.37858652681534799
6.55000000000027693,0.935263862359128284,0.380341178114383172
6.60000000000027676,0.944697242255626568,0.381782316522130738
6.65000000000027658,0.953743704825893768,0.383124322692303954
6.7000000000002764,0.962479270896823724,0.384571122563730605
6.75000000000027622,0.971062812591676039,0.386276506312408618
6.80000000000027605,0.979708058788305358,0.388312793269770196
6.85000000000027587,0.988644537758964326,0.390653897503933811
6.90000000000027569,0.99807444402518497,0.393176324012308953
6.95000000000027551,1.00813334636914931,0.395678389992656865
7.00000000000027534,1.0188621453376312,0.397914598808074615
7.05000000000027516,1.03019580240959208,0.399639211561407526
7.10000000000027498,1.04197141358271539,0.400651202684427499
7.1500000000002748,1.05395470288298942,0.40083231621196036
7.20000000000027462,1.06588059296364901,0.40017097763815479
7.25000000000027445,1.07750079695098022,0.398767209512442211
7.30000000000027427,1.08862988033888342,0.396817044263975016
7.35000000000027409,1.09918126697027652,0.394578639936146891
7.40000000000027391,1.10918624320812675,0.392325718145236757
7.45000000000027374,1.11879190283619834,0.390296431558721568
7.50000000000027356,1.12823768324822749,0.388646855733965901
7.55000000000027338,1.13781402268077136,0.387417753651745023
7.6000000000002732,1.14781002365212581,0.386521135600628118
7.65000000000027303,1.15845922154767567,0.385749772141879499
7.70000000000027285,1.16989320109170292,0.384808784138732651
7.75000000000027267,1.1821117192131283,0.383364435374405121
7.80000000000027249,1.1949753269858876,0.381102005269610022
7.85000000000027232,1.20822266755237839,0.377782720804214489
7.90000000000027214,1.22151030771765878,0.373289552117362089
7.95000000000027196,1.234468889731416,0.367653303323083103
8.00000000000027178,1.2467662925774925,0.361053620248288465
8.05000000000027249,1.25816694057966139,0.353793770238512828
8.1000000000002732,1.26857670491195917,0.346252610287214768
8.15000000000027391,1.27806500566803916,0.338821258696842653
8.20000000000027462,1.28685940917573771,0.331834895041209443
8.25000000000027534,1.29531262459677765,0.325511297071044037
8.30000000000027605,1.30384655919970327,0.319906933302276875
8.35000000000027676,1.31288217469873647,0.314898755161014288
8.40000000000027747,1.32276657853449242,0.310195689330870494
8.45000000000027818,1.33370959018456059,0.305378897563121032
8.50000000000027889,1.34574076435884415,0.299964974926110739
8.5500000000002796,1.35869470175672857,0.293482234559481636
8.60000000000028031,1.37222793219270289,0.285547779139549207
8.65000000000028102,1.38586545881125134,0.275932631110188731
8.70000000000028173,1.39907007266390471,0.264603893078331098
8.75000000000028244,1.41132362708750581,0.251736484503249036
8.80000000000028315,1.42220727661641355,0.237691877379642369
8.85000000000028386,1.43146762732834931,0.222966631234314372
8.90000000000028457,1.43905785344197046,0.20811851300179196
8.95000000000028528,1.44514678387123019,0.193681746386121789
9.00000000000028599,1.45009411273502931,0.180084836235562595
9.0500000000002867,1.45439538692846315,0.167584131242655726
9.10000000000028741,1.45860534945027398,0.156223853589130018
9.15000000000028813,1.46325174280315973,0.14582911497006637
9.20000000000028884,1.46875322396214281,0.13603312750889851
9.25000000000028955,1.47535437424720017,0.126334280275703537
9.30000000000029026,1.48308802582391897,0.116173922284926623
9.35000000000029097,1.49177071788534454,0.105022387832493735
9.40000000000029168,1.50103174947425444,0.0924595612724935512
9.45000000000029239,1.51037088756194304,0.0782372859805940957
9.5000000000002931,1.51923521589801558,0.0623139840507820342
9.55000000000029381,1.52710263053410555,0.0448564472082573218
9.60000000000029452,1.53355858522243027,0.0262091191611258933
9.65000000000029523,1.53835399236581605,0.00683642802150430384
9.70000000000029594,1.54143545018391803,-0.0127520165843145739
9.75000000000029665,1.54294362713901334,-0.0320809639812199565
9.80000000000029736,1.54318089811019465,-0.0507808967932090738
9.85000000000029807,1.54255431126262854,-0.06863995907726822
9.90000000000029878,1.54150384731960655,-0.0856286067885241864
9.95000000000029949,1.5404280881673853,-0.101893817144352361
10.0000000000003002,1.53961951314931089,-0.117724780293640321
10.0500000000003009,1.53921971307817063,-0.133496644905379935
10.1000000000003016,1.5392012188690114,-0.149602330382847482
10.1500000000003023,1.53937802241850874,-0.16638410156515232
10.200000000000303,1.53944202143705944,-0.18407628361902198
10.2500000000003038,1.53901836917310053,-0.202768275398461068
10.3000000000003045,1.53772975824061997,-0.222393319156598268
10.3500000000003052,1.53525848326654502,-0.24274396607969656
10.4000000000003059,1.53139586688258045,-0.263510628454211915
10.4500000000003066,1.52607112285721391,-0.284335805750674797
10.5000000000003073,1.51935549875960918,-0.30487414382943423
10.550000000000308,1.51144190981405235,-0.324847813783836592
10.6000000000003087,1.50260447948997822,-0.34408784900405065
10.6500000000003094,1.4931457213982462,-0.36255480921812766
10.7000000000003102,1.48334098166931372,-0.380335935225373956
10.7500000000003109,1.47338992308053118,-0.397620132409399529
10.8000000000003116,1.4633832894939669,-0.414655940150962132
10.8500000000003123,1.4532902554816185,-0.431700452674377677
10.900000000000313,1.44296789012571458,-0.448968491326867336
10.9500000000003137,1.43219032866050644,-0.466590994159320482
11.0000000000003144,1.42069184523799019,-0.484589688193357071
11.0500000000003151,1.40821573859794058,-0.50287201767332268
11.1000000000003158,1.39456015312753845,-0.521246593425416682
11.1500000000003165,1.37961276220999007,-0.539455774802538146
11.2000000000003173,1.36336845650110483,-0.557219041995539399
11.250000000000318,1.34592737881156133,-0.574279069415186361
11.3000000000003187,1.32747423690711397,-0.590442151545560678
11.3500000000003194,1.30824315694395565,-0.605605871597741929
11.4000000000003201,1.28847482492259635,-0.619769383933933549
11.4500000000003208,1.26837387681035008,-0.633024931174424821
11.5000000000003215,1.24807425145442052,-0.645532636395698134
11.5500000000003222,1.22761859094394765,-0.657483582414494006
11.6000000000003229,1.20695508387542016,-0.66905818943582851
11.6500000000003237,1.18595190497225644,-0.680387590165343892
11.7000000000003244,1.16442620597471969,-0.691524981294792007
11.7500000000003251,1.14218203448329758,-0.702431960995010707
11.8000000000003258,1.11905005345660258,-0.71298202490001461
11.8500000000003265,1.09492175578834972,-0.72298021890534192
11.9000000000003272,1.06977202291690499,-0.732195018097347994
11.9500000000003279,1.04366612934607672,-0.740396344706165221
12.0000000000003286,1.01675021675093724,-0.747392632337192553
12.0500000000003293,0.989227308284323037,-0.7530601517801776
12.10000000000033,0.961323548240059278,-0.75735935686136735
12.1500000000003308,0.933251064395499208,-0.760335485025089297
12.2000000000003315,0.90517436184747857,-0.762103589244956026
12.2500000000003322,0.877186393108472351,-0.762821040207933954
12.3000000000003329,0.849298568721434832,-0.762652797692844886
12.3500000000003336,0.821446336521215237,-0.761736002325928974
12.4000000000003343,0.793509060036852842,-0.76015046792509211
12.450000000000335,0.765340302875751721,-0.75790047169599617
12.5000000000003357,0.736802754736817,-0.754911077794285901
12.5500000000003364,0.707801250601602483,-0.751039499031878721
12.6000000000003372,0.678307768835290537,-0.746099211195869749
12.6500000000003379,0.648373852331480593,-0.739892199165042785
12.7000000000003386,0.618128279769562861,-0.732243259130161639
12.7500000000003393,0.587760573277081422,-0.723029965777728378
12.80000000000034,0.557493551232191464,-0.712202784001585543
12.8500000000003407,0.5275501375727355,-0.69979168936130054
12.9000000000003414,0.498120657340313133,-0.685898202566150417
12.9500000000003421,0.469336702453765131,-0.670674465166813172
13.0000000000003428,0.441256378314349329,-0.654293381276013442
13.0500000000003435,0.413863585175597237,-0.636915482105651187
13.1000000000003443,0.387081354083220586,-0.618658739591221973
13.150000000000345,0.360796636985452945,-0.599576963930710249
13.2000000000003457,0.334891830089336151,-0.579650784355463689
13.2500000000003464,0.309277079220956375,-0.558792842249080435
13.3000000000003471,0.283917299519927058,-0.53686616457758396
13.3500000000003478,0.25884885558328119,-0.513712228984010255
13.4000000000003485,0.234182799032165601,-0.489183435276928757
13.4500000000003492,0.210094082332134446,-0.463173892759186967
13.5000000000003499,0.186798789866057829,-0.435642765308525248
13.5500000000003507,0.164523661833210655,-0.406625821282429079
13.6000000000003514,0.14347361876560924,-0.376233049250359608
13.6500000000003521,0.123803359313675601,-0.344632809760754333
13.7000000000003528,0.105598335047916117,-0.31202551160039399
13.7500000000003535,0.0888686475670393827,-0.278611759507172596
13.8000000000003542,0.0735569931430385543,-0.244560954555479798
13.8500000000003549,0.059559149276318446,-0.209986245752867645
13.9000000000003556,0.0467531459837891572,-0.174930546609134346
13.9500000000003563,0.0350316309312416266,-0.139366263287939635
14.000000000000357,0.0243313272340314121,-0.103208815463137385
14.0500000000003578,0.014654011657292838,-0.0663414445149104193
14.1000000000003585,0.00607501318800181874,-0.0286466784602535385
14.1500000000003592,-0.0012624426552127711,0.00996144329850020931
14.2000000000003599,-0.00716607103258143883,0.0495104506072498382
14.2500000000003606,-0.0114230969956023755,0.0899529283949338787
14.3000000000003613,-0.0138332637887703704,0.131163583640114406
14.350000000000362,-0.0142401242866834199,0.172950541294450033
14.4000000000003627,-0.0125547431558108019,0.21507885312293909
14.4500000000003634,-0.00876732120982784413,0.25730190001917197
14.5000000000003642,-0.00294448636664043639,0.299394857449443386
14.5500000000003649,0.00478733324567541529,0.341183962542403407
14.6000000000003656,0.0142694243146724298,0.382566058261118891
14.6500000000003663,0.0253440927266499194,0.423514666658547312
14.700000000000367,0.0378875250721011358,0.464071336597719486
14.7500000000003677,0.0518359967925393905,0.504323762698920319
14.8000000000003684,0.0672004000879748431,0.544374670888898127
14.8500000000003691,0.0840662007673542433,0.584307243360834283
14.9000000000003698,0.102578633247671469,0.624153573206740697
14.9500000000003705,0.122915709639709714,0.663872151307863811
15.0000000000003713,0.145253937405017464,0.703338772577062676
15.050000000000372,0.169733073149582636,0.742352793074867234
15.1000000000003727,0.196426509915914094,0.780657820966535798
15.1500000000003734,0.22532293673615239,0.817973208181456579
15.2000000000003741,0.25632288433281164,0.854030633358927149
15.2500000000003748,0.289251041793843977,0.888609025421569498
15.3000000000003755,0.323882293370808427,0.921561279411349465
15.3500000000003762,0.359976825042025328,0.952827642880779258
15.4000000000003769,0.397317875424809452,0.982433055789352805
15.4500000000003777,0.435745097820825655,1.01046867833980891
15.5000000000003784,0.47517719159602656,1.03706080048058014
15.5500000000003791,0.515619345385774586,1.06233274493067542
15.6000000000003798,0.557153783132002922,1.08636679471421638
15.6500000000003805,0.599914822859028751,1.10917331542837005
15.7000000000003812,0.644052776646530267,1.13067305241476013
15.7500000000003819,0.689693194617132965,1.15069625866592196
15.8000000000003826,0.736898969411277305,1.16899925833061835
15.8500000000003833,0.785642460137181864,1.1852958221695864
15.900000000000384,0.83579310404614171,1.1992979174623366
15.9500000000003848,0.887123243956009722,1.21075852318429189
16.0000000000003837,0.939331591892846984,1.21950863671993659
16.0500000000003844,0.992080470611783172,1.22548147352238201
16.1000000000003851,1.0450403277575504,1.22871904744741256
16.1500000000003858,1.09793350270983181,1.22935944574195233
16.2000000000003865,1.1505691477094091,1.22760662778560103
16.2500000000003872,1.20286261122956661,1.223687846517445
16.300000000000388,1.25483526168364601,1.21780621245275178
16.3500000000003887,1.30659420733415743,1.21009702958362286
16.4000000000003894,1.35829504031178216,1.20059609528969569
16.4500000000003901,1.41009393605304956,1.18922621284705032
16.5000000000003908,1.46209758059265948,1.17580502921662622
16.5500000000003915,1.51432006130563179,1.1600735196038352
16.6000000000003922,1.56665488295198108,1.14174066206101821
16.6500000000003929,1.61886779229550481,1.12053676227778864
16.7000000000003936,1.67061251695276969,1.09626607446482649
16.7500000000003944,1.72146746037947507,1.06884917913667188
16.8000000000003951,1.77098756001024493,1.03834710014019471
16.8500000000003958,1.81876260127573386,1.00496214608914092
16.9000000000003965,1.86447183128446592,0.969014450606072719
16.9500000000003972,1.90792503007367698,0.930897479099780045
17.0000000000003979,1.94908226690283159,0.891019614252920644
17.0500000000003986,1.98804807583199938,0.849741636049778148
17.1000000000003993,2.02504014936026255,0.80732096765937289
17.1500000000004,2.060337127007275,0.76387273627134189
17.2000000000004007,2.09421386577407542,0.719355092569948451
17.2500000000004015,2.12687503854415993,0.673582252654440716
17.3000000000004022,2.15839855203801356,0.626264029725746685
17.3500000000004029,2.18869895054303987,0.57706600695733945
17.4000000000004036,2.21751785657280154,0.525680768152523625
17.4500000000004043,2.2444440896416511,0.471898413957429985
17.500000000000405,2.26896112782602621,0.415664360214615058
17.5500000000004057,2.29051487388985464,0.357114224371309463
17.6000000000004064,2.30859106753033716,0.296579189942126176
17.6500000000004071,2.32278978601714226,0.234560023591981026
17.7000000000004079,2.33288465244799781,0.171673115516066677
17.7500000000004086,2.33885663131980692,0.108576649807102354
17.8000000000004093,2.34089628827884688,0.0458884808346990969
17.85000000000041,2.33937347830365416,-0.0158911091291276119
17.9000000000004107,2.33477876464502954,-0.0764391624535821768
17.9500000000004114,2.32764556818418811,-0.135642367925441487
18.0000000000004121,2.31846531242896781,-0.193596361512162529
18.0500000000004128,2.30760910907233363,-0.250571744233413107
18.1000000000004135,2.29526860050918113,-0.306951981155581199
18.1500000000004142,2.28142558150940333,-0.363152958424830419
18.200000000000415,2.26585543909323128,-0.419536993384884538
18.2500000000004157,2.24816401083978556,-0.476335009863119829
18.3000000000004164,2.2278520524783989,-0.533589268460476052
18.3500000000004171,2.20439703001371656,-0.591125717707116305
18.4000000000004178,2.17733917180613457,-0.648560257037068766
18.4500000000004185,2.14635809874621453,-0.705337748323296543
18.5000000000004192,2.11132798097651442,-0.760797363492058731
18.5500000000004199,2.07234275143389857,-0.814253673767726616
18.6000000000004206,2.02970782824586182,-0.865080462200419342
18.6500000000004214,1.98390023847741426,-0.912783968661836642
18.7000000000004221,1.93550409715654537,-0.957054182463472292
18.7500000000004228,1.88513225019288444,-0.997786542351595807
18.8000000000004235,1.83334691728359944,-1.03507134308085336
18.8500000000004242,1.7805920610153736,-1.06915344683451963
18.9000000000004249,1.72714801109082083,-1.100369672415898
18.9500000000004256,1.67311498605930353,-1.12907470156271317
19.0000000000004263,1.61842725421257261,-1.15556794677094876
19.050000000000427,1.56289459503578998,-1.18003333612224592
19.1000000000004277,1.50626331377813694,-1.20250151051322218
19.1500000000004285,1.44828604759728785,-1.22283994930341078
19.2000000000004292,1.38878845750135493,-1.24077174115946165
19.2500000000004299,1.32772177653888535,-1.25591892215177081
19.3000000000004306,1.2651928873832603,-1.26786232017132749
19.3500000000004313,1.20146763217971531,-1.27620732660539904
19.400000000000432,1.13694770007033608,-1.28064435356587558
19.4500000000004327,1.07212589018525462,-1.28099399422237492
19.5000000000004334,1.00752805730645756,-1.27722982213963654
19.5500000000004341,0.943652039288860323,-1.26947580245573777
19.6000000000004349,0.880914038288815648,-1.2579797235191239
19.6500000000004356,0.819611299941913618,-1.24306812072188166
19.7000000000004363,0.75990683351494881,-1.22509116553392206
19.750000000000437,0.701837915856139638,-1.2043674425761135
19.8000000000004377,0.645345938630257132,-1.18113822646225075
19.8500000000004384,0.59032152238271951,-1.15553889897092077
19.9000000000004391,0.536656350246380476,-1.12759190286668298
19.9500000000004398,0.484292268541839044,-1.09722171086506726
20.0000000000004405,0.433258978159218822,-1.06428839953614718
20.0500000000004412,0.383693919243930204,-1.02863323915568006
20.100000000000442,0.335841292969185079,-0.990127781678079022
20.1500000000004427,0.290030952279919929,-0.948717557619511376
20.2000000000004434,0.246641448405487324,-0.904452704591951928
20.2500000000004441,0.206054218643534542,-0.857500391262229211
20.3000000000004448,0.168607286230898684,-0.808137287109821134
20.3500000000004455,0.13455670109529172,-0.756723938135834384
20.4000000000004462,0.104052343060828834,-0.703666093626985845
20.4500000000004469,0.0771319581395629172,-0.649370231169894119
20.5000000000004476,0.0537339222168113917,-0.5942013757400193
20.5500000000004484,0.0337258435885226526,-0.538450682938603653
20.6000000000004491,0.0169433333580961132,-0.482318301725076837
20.6500000000004498,0.00323157736241025395,-0.425914128814382675
20.7000000000004505,-0.00751798327106681374,-0.369275758270510346
20.7500000000004512,-0.0153424836628250072,-0.312399820740696332
20.8000000000004519,-0.0201983510824930296,-0.255280554468274967
20.8500000000004526,-0.02196928299492798,-0.197948264787054323
20.9000000000004533,-0.0204896814226437768,-0.140500501953573359
20.950000000000454,-0.0155789459464108285,-0.083120261483807259
21.0000000000004547,-0.0070801271557588575,-0.0260779946657062472
21.0500000000004555,0.00510423751323413159,0.0302827601932301183
21.1000000000004562,0.0209856406878164321,0.085573312669889906
21.1500000000004569,0.0404771840005278272,0.139396072719008973
21.2000000000004576,0.0633972723943523192,0.191382438662798388
21.2500000000004583,0.0894884895423131432,0.241225452526030948
21.300000000000459,0.118447952298305098,0.288701430395103875
21.3500000000004597,0.149963397170221391,0.333676897110181003
21.4000000000004604,0.183748293727069939,0.376099917986298882
21.4500000000004611,0.219569568814526633,0.415977809580165558
21.5000000000004619,0.257262991293260579,0.453345694774458519
21.5500000000004626,0.296733624886290404,0.488231993857070445
21.6000000000004633,0.337941561768699661,0.5206274247189977
21.650000000000464,0.380875880142615253,0.550463347186782914
21.7000000000004647,0.425521923241768407,0.577603479055328606
21.7500000000004654,0.471828184464317402,0.601850479669036931
21.8000000000004661,0.519679095035587069,0.622966115566979228
21.8500000000004668,0.568878856585850246,0.640701207582326626
21.9000000000004675,0.619149365707489796,0.654829771732896804
21.9500000000004682,0.670142636769728739,0.665181030746060276
22.000000000000469,0.721465436013912331,0.671663415920647711
22.0500000000004697,0.772711592874058772,0.674276208584259074
22.1000000000004704,0.823496065998474469,0.673106795092483057
22.1500000000004711,0.87348456242881245,0.668314192814073338
22.2000000000004718,0.922413382921856928,0.660102047184401908
22.2500000000004725,0.970096024999558715,0.648686231227044052
22.3000000000004732,1.01641556744276285,0.634263144334686557
22.3500000000004739,1.06130451971231587,0.616984632658657106
22.4000000000004746,1.10471615254806288,0.59694417719337145
22.4500000000004754,1.14659289992401403,0.574176859515618032
22.5000000000004761,1.18683794815529464,0.548673019484888114
22.5500000000004768,1.2252955111689281,0.52040294813900223
22.6000000000004775,1.2617436498482808,0.489347890580321077
22.6500000000004782,1.29590113574518795,0.455531451381669616
22.7000000000004789,1.32744722544664451,0.419045417192901004
22.7500000000004796,1.35605079215627722,0.380065050637863444
22.8000000000004803,1.38140350588050387,0.338850871611080462
22.850000000000481,1.4032509894674412,0.29573646084838795
22.9000000000004817,1.4214162468758762,0.251104426973138783
22.9500000000004825,1.4358110941074973,0.205354886597478081
23.0000000000004832,1.44643355588892875,0.15887220566270352
23.0500000000004839,1.4533518073728966,0.111996077327526311
23.1000000000004846,1.4566777528230932,0.0650022045011551253
23.1500000000004853,1.4565352737479258,0.0180960615476020714
23.200000000000486,1.45302918382974933,-0.0285792384362551499
23.2500000000004867,1.44622080685215959,-0.0749225925158444328
23.3000000000004874,1.43611486510440622,-0.120846049648908438
23.3500000000004881,1.42266025404635332,-0.166243043008935443
23.4000000000004889,1.40576467421486617,-0.210959892023609707
23.4500000000004896,1.38532047692938476,-0.254776180991356183
23.5000000000004903,1.3612369441025991,-0.297397995460260578
23.550000000000491,1.33347296596706122,-0.338465615260134856
23.6000000000004917,1.3020639441324573,-0.377574563601500046
23.6500000000004924,1.26713776459211758,-0.414306396359060525
23.7000000000004931,1.22891667519412606,-0.448263755190912827
23.7500000000004938,1.18770450142878059,-0.479103354879641341
23.8000000000004945,1.14386136361679913,-0.506560897047192982
23.8500000000004952,1.09777040993221808,-0.530463349871363565
23.900000000000496,1.04980261110640938,-0.550726347499595481
23.9500000000004967,1.00028608038354161,-0.567337220796550357
24.0000000000004974,0.949485596720752056,-0.58032686345381912
24.0500000000004981,0.89759615347803412,-0.589735761796564395
24.1000000000004988,0.844751762368556425,-0.595580670422862557
24.1500000000004995,0.791047887342422595,-0.597828372424850651
24.2000000000005002,0.736573293838242549,-0.596381715357722109
24.2500000000005009,0.681445261083660436,-0.591080878827654699
24.3000000000005016,0.625841371215908326,-0.581720009136575289
24.3500000000005024,0.5700216111715668,-0.568076467325284051
24.4000000000005031,0.514336222960827261,-0.549947515504995876
24.4500000000005038,0.459217317121455526,-0.52718776982536053
24.5000000000005045,0.405155257541190195,-0.499740469426514178
24.5500000000005052,0.352663684380503384,-0.467656620902534292
24.6000000000005059,0.302239232817218872,-0.431098211351806149
24.6500000000005066,0.254323110925673779,-0.390324563766648147
24.7000000000005073,0.209271496024021175,-0.345664015753902543
24.750000000000508,0.167340209133009954,-0.297475865090813751
24.8000000000005087,0.128686585013003979,-0.246109425721814573
24.8500000000005095,0.0933883206044999331,-0.191867707535537113
24.9000000000005102,0.0614759250668484858,-0.134982524575112423
24.9500000000005109,0.0329727927891348555,-0.0756058521343203893
25.0000000000005116,0.00793536821658157726,-0.0138193329511401893
25.0500000000005123,-0.0135143234890436822,0.0503395053986887345
25.100000000000513,-0.0311702775930817536,0.116838910447299049
25.1500000000005137,-0.0447422829557942436,0.185609410368508865
25.2000000000005144,-0.0538746441899470574,0.256503287548041581
25.2500000000005151,-0.0581811403730647797,0.329264831116909407
25.3000000000005159,-0.0572904259860265441,0.403517424375525013
25.3500000000005166,-0.0508939787659990206,0.478770610556731757
25.4000000000005173,-0.0387879867908935416,0.554446713666898683
25.450000000000518,-0.0209014078899012745,0.629923003928503755
25.5000000000005187,0.00269528520026168783,0.704582441774257551
25.5500000000005194,0.0318028178021763364,0.777864263401523481
25.6000000000005201,0.0661256014696476047,0.849305436386091461
25.6500000000005208,0.10531868316709983,0.918565398567081082
25.7000000000005215,0.149041066259590682,0.985429290306502947
25.7500000000005222,0.197005918230121119,1.04978863320646565
25.800000000000523,0.249018451345693947,1.11160245011999192
25.8500000000005237,0.304994197535106315,1.17084544508324129
25.9000000000005244,0.364953696651707904,1.22745240794671195
25.9500000000005251,0.42899372679038289,1.2812689931866299
26.0000000000005258,0.497239417209304868,1.3320182276814676
26.0500000000005265,0.569785153897674035,1.37928962056411808
26.1000000000005272,0.646634465697092153,1.42255397287043106
26.1500000000005279,0.727649628174805163,1.46120254677123729
26.2000000000005286,0.812520400096783724,1.49460491664322426
26.2500000000005294,0.900758295551474908,1.52217635048790845
26.3000000000005301,0.991718575826896709,1.54344359015143007
26.3500000000005308,1.08464742319439944,1.55809779590125852
26.4000000000005315,1.17874734131774095,1.56602526032281286
26.4500000000005322,1.2732504863785663,1.56731000745837035
26.5000000000005329,1.36748797139898848,1.56220700961428638
26.5500000000005336,1.46094352828740903,1.55108970770553656
26.6000000000005343,1.55328224383293989,1.53437996946943667
26.650000000000535,1.64434905122860164,1.5124717921101003
26.7000000000005357,1.73413661542089148,1.48566138522242985
26.7500000000005365,1.82272737593078049,1.45409549457333243
26.8000000000005372,1.91021893995915026,1.4177470403275656
26.8500000000005379,1.99664499191382361,1.37642278109639582
26.9000000000005386,2.08190487933714508,1.3298024880840793
26.9500000000005393,2.16571385349037904,1.27750388825249428
27.00000000000054,2.24758275327535806,1.21916328892900605
27.0500000000005407,2.32683122980358581,1.15451906633068235
27.1000000000005414,2.40263317827292644,1.08348455692781265
27.1500000000005421,2.47408776960783605,1.00619845259023077
27.2000000000005429,2.54030524025079352,0.923044317555972826
27.2500000000005436,2.60049412680410263,0.834635746786878019
27.3000000000005443,2.65403634937265487,0.741769181163241642
27.350000000000545,2.70053849722872918,0.645351597278349454
27.4000000000005457,2.73985151034567931,0.54631434035530213
27.4500000000005464,2.772056032906419,0.445526579641119969
27.5000000000005471,2.79741620996522666,0.343721854510709024
27.5500000000005478,2.81630971917128869,0.241448954142736705
27.6000000000005485,2.82914556072088708,0.139054325040572913
27.6500000000005492,2.83628295969518707,0.0366980201096613889
27.70000000000055,2.83796436999979473,-0.065600243403491465
27.7500000000005507,2.83427308350007134,-0.16789316438901114
27.8000000000005514,2.8251217738082457,-0.270227722958633731
27.8500000000005521,2.81027315304124548,-0.372569917565361175
27.9000000000005528,2.78938865850853723,-0.474744733729557611
27.9500000000005535,2.76209658876889241,-0.576400959207395758
28.0000000000005542,2.72806810905760333,-0.677006185700237517
28.0500000000005549,2.68708851752206446,-0.77587226831309708
28.1000000000005556,2.63911224127618116,-0.872206508636713229
28.1500000000005564,2.58429299475440555,-0.965179718702500411
28.2000000000005571,2.52298484888207586,-1.05399977935095124
28.2500000000005578,2.45571487692721702,-1.13797872053126392
28.3000000000005585,2.38313272309632662,-1.21658277796010883
28.3500000000005592,2.30594610109802201,-1.28945803449318519
28.4000000000005599,2.22485327857537785,-1.35642856300535519
28.4500000000005606,2.14048373207547105,-1.41746869415927312
28.5000000000005613,2.05335639176238782,-1.47265532937633359
28.550000000000562,1.96386158331485494,-1.52210938642676963
28.6000000000005627,1.87226852066058713,-1.56593699135157061
28.6500000000005635,1.77875575912364781,-1.6041806975695454
28.7000000000005642,1.68345815117811259,-1.63678892683178145
28.7500000000005649,1.58652120606238767,-1.66360839216129941
28.8000000000005656,1.48815276287327114,-1.68440010800171036
28.8500000000005663,1.38866267206899163,-1.69887545501515191
28.900000000000567,1.28848355923391766,-1.70674536320002113
28.9500000000005677,1.18816926174581217,-1.70777357941489671
29.0000000000005684,1.08837154074439812,-1.70182452500788028
29.0500000000005691,0.989799463679086777,-1.6888974634148719
29.1000000000005699,0.893168768262018631,-1.66914132988782193
29.1500000000005706,0.799150067899481065,-1.6428481270432107
29.2000000000005713,0.70832470429264538,-1.61042661213824534
29.250000000000572,0.621155445479176893,-1.57236141395526752
29.3000000000005727,0.537976390540055971,-1.52916512627451895
29.3500000000005734,0.459002908841824098,-1.48133192952674264
29.4000000000005741,0.384358856480648658,-1.42930074873675417
29.4500000000005748,0.314115314621865649,-1.37343399872907779
29.5000000000005755,0.248333204071653935,-1.3140149796133187
29.5500000000005763,0.187101659250076935,-1.25126352489249237
29.600000000000577,0.130565044268640129,-1.18536620153339811
29.6500000000005777,0.0789337514675206853,-1.11651480477452947
29.7000000000005784,0.0324770050602745108,-1.04494552309438027
29.7500000000005791,-0.00850077308298158307,-0.970971190934204365
29.8000000000005798,-0.0436954983315623879,-0.895000461079413445
29.8500000000005805,-0.0728442264118240868,-0.817540231450493926
29.9000000000005812,-0.0957637428153676473,-0.739180778127254801
29.9500000000005819,-0.112379982184404703,-0.660566201495670247
30.0000000000005826,-0.122743100453692078,-0.582355412984690624
